{
    "licenses": [
        {
            "count": 52,
            "name": "MIT"
        },
        {
            "count": 3,
            "name": "New BSD"
        },
        {
            "count": 1,
            "name": "Apache 2.0"
        },
        {
            "count": 1,
            "name": "unknown"
        }
    ],
    "dependencies": [
        {
            "license": {
                "name": "MIT",
                "url": "http://opensource.org/licenses/mit-license"
            },
            "dependency": {
                "name": "actioncable",
                "url": "http://rubyonrails.org",
                "description": "WebSocket framework for Rails.",
                "pathes": [
                    "."
                ]
            }
        },
        {
            "license": {
                "name": "MIT",
                "url": "http://opensource.org/licenses/mit-license"
            },
            "dependency": {
                "name": "actionmailer",
                "url": "http://rubyonrails.org",
                "description": "Email composition, delivery, and receiving framework (part of Rails).",
                "pathes": [
                    "."
                ]
            }
        },
        {
            "license": {
                "name": "MIT",
                "url": "http://opensource.org/licenses/mit-license"
            },
            "dependency": {
                "name": "actionpack",
                "url": "http://rubyonrails.org",
                "description": "Web-flow and rendering framework putting the VC in MVC (part of Rails).",
                "pathes": [
                    "."
                ]
            }
        },
        {
            "license": {
                "name": "MIT",
                "url": "http://opensource.org/licenses/mit-license"
            },
            "dependency": {
                "name": "actionview",
                "url": "http://rubyonrails.org",
                "description": "Rendering framework putting the V in MVC (part of Rails).",
                "pathes": [
                    "."
                ]
            }
        },
        {
            "license": {
                "name": "MIT",
                "url": "http://opensource.org/licenses/mit-license"
            },
            "dependency": {
                "name": "activejob",
                "url": "http://rubyonrails.org",
                "description": "Job framework with pluggable queues.",
                "pathes": [
                    "."
                ]
            }
        },
        {
            "license": {
                "name": "MIT",
                "url": "http://opensource.org/licenses/mit-license"
            },
            "dependency": {
                "name": "activemodel",
                "url": "http://rubyonrails.org",
                "description": "A toolkit for building modeling frameworks (part of Rails).",
                "pathes": [
                    "."
                ]
            }
        },
        {
            "license": {
                "name": "MIT",
                "url": "http://opensource.org/licenses/mit-license"
            },
            "dependency": {
                "name": "activerecord",
                "url": "http://rubyonrails.org",
                "description": "Object-relational mapper framework (part of Rails).",
                "pathes": [
                    "."
                ]
            }
        },
        {
            "license": {
                "name": "MIT",
                "url": "http://opensource.org/licenses/mit-license"
            },
            "dependency": {
                "name": "activesupport",
                "url": "http://rubyonrails.org",
                "description": "A toolkit of support libraries and Ruby core extensions extracted from the Rails framework.",
                "pathes": [
                    "."
                ]
            }
        },
        {
            "license": {
                "name": "MIT",
                "url": "http://opensource.org/licenses/mit-license"
            },
            "dependency": {
                "name": "arel",
                "url": "https://github.com/rails/arel",
                "description": "Arel Really Exasperates Logicians  Arel is a SQL AST manager for Ruby",
                "pathes": [
                    "."
                ]
            }
        },
        {
            "license": {
                "name": "MIT",
                "url": "http://opensource.org/licenses/mit-license"
            },
            "dependency": {
                "name": "builder",
                "url": "http://onestepback.org",
                "description": "Builders for MarkUp.",
                "pathes": [
                    "."
                ]
            }
        },
        {
            "license": {
                "name": "MIT",
                "url": "http://opensource.org/licenses/mit-license"
            },
            "dependency": {
                "name": "bundler",
                "url": "http://bundler.io",
                "description": "The best way to manage your application's dependencies",
                "pathes": [
                    "."
                ]
            }
        },
        {
            "license": {
                "name": "MIT",
                "url": "http://opensource.org/licenses/mit-license"
            },
            "dependency": {
                "name": "coffee-rails",
                "url": "https://github.com/rails/coffee-rails",
                "description": "CoffeeScript adapter for the Rails asset pipeline.",
                "pathes": [
                    "."
                ]
            }
        },
        {
            "license": {
                "name": "MIT",
                "url": "http://opensource.org/licenses/mit-license"
            },
            "dependency": {
                "name": "coffee-script",
                "url": "http://github.com/josh/ruby-coffee-script",
                "description": "Ruby CoffeeScript Compiler",
                "pathes": [
                    "."
                ]
            }
        },
        {
            "license": {
                "name": "MIT",
                "url": "http://opensource.org/licenses/mit-license"
            },
            "dependency": {
                "name": "coffee-script-source",
                "url": "http://coffeescript.org",
                "description": "The CoffeeScript Compiler",
                "pathes": [
                    "."
                ]
            }
        },
        {
            "license": {
                "name": "MIT",
                "url": "http://opensource.org/licenses/mit-license"
            },
            "dependency": {
                "name": "concurrent-ruby",
                "url": "http://www.concurrent-ruby.com",
                "description": "Modern concurrency tools for Ruby. Inspired by Erlang, Clojure, Scala, Haskell, F#, C#, Java, and classic concurrency patterns.",
                "pathes": [
                    "."
                ]
            }
        },
        {
            "license": {
                "name": "MIT",
                "url": "http://opensource.org/licenses/mit-license"
            },
            "dependency": {
                "name": "crass",
                "url": "https://github.com/rgrove/crass/",
                "description": "CSS parser based on the CSS Syntax Level 3 spec.",
                "pathes": [
                    "."
                ]
            }
        },
        {
            "license": {
                "name": "MIT",
                "url": "http://opensource.org/licenses/mit-license"
            },
            "dependency": {
                "name": "erubis",
                "url": "http://www.kuwata-lab.com/erubis/",
                "description": "a fast and extensible eRuby implementation which supports multi-language",
                "pathes": [
                    "."
                ]
            }
        },
        {
            "license": {
                "name": "MIT",
                "url": "http://opensource.org/licenses/mit-license"
            },
            "dependency": {
                "name": "execjs",
                "url": "https://github.com/rails/execjs",
                "description": "Run JavaScript code from Ruby",
                "pathes": [
                    "."
                ]
            }
        },
        {
            "license": {
                "name": "New BSD",
                "url": "http://opensource.org/licenses/BSD-3-Clause"
            },
            "dependency": {
                "name": "ffi",
                "url": "http://wiki.github.com/ffi/ffi",
                "description": "Ruby FFI",
                "pathes": [
                    "."
                ]
            }
        },
        {
            "license": {
                "name": "MIT",
                "url": "http://opensource.org/licenses/mit-license"
            },
            "dependency": {
                "name": "globalid",
                "url": "http://www.rubyonrails.org",
                "description": "Refer to any model with a URI: gid://app/class/id",
                "pathes": [
                    "."
                ]
            }
        },
        {
            "license": {
                "name": "MIT",
                "url": "http://opensource.org/licenses/mit-license"
            },
            "dependency": {
                "name": "i18n",
                "url": "http://github.com/svenfuchs/i18n",
                "description": "New wave Internationalization support for Ruby",
                "pathes": [
                    "."
                ]
            }
        },
        {
            "license": {
                "name": "MIT",
                "url": "http://opensource.org/licenses/mit-license"
            },
            "dependency": {
                "name": "jbuilder",
                "url": "https://github.com/rails/jbuilder",
                "description": "Create JSON structures via a Builder-style DSL",
                "pathes": [
                    "."
                ]
            }
        },
        {
            "license": {
                "name": "MIT",
                "url": "http://opensource.org/licenses/mit-license"
            },
            "dependency": {
                "name": "loofah",
                "description": "",
                "pathes": [
                    "."
                ]
            }
        },
        {
            "license": {
                "name": "MIT",
                "url": "http://opensource.org/licenses/mit-license"
            },
            "dependency": {
                "name": "mail",
                "url": "https://github.com/mikel/mail",
                "description": "Mail provides a nice Ruby DSL for making, sending and reading emails.",
                "pathes": [
                    "."
                ]
            }
        },
        {
            "license": {
                "name": "MIT",
                "url": "http://opensource.org/licenses/mit-license"
            },
            "dependency": {
                "name": "method_source",
                "url": "http://banisterfiend.wordpress.com",
                "description": "retrieve the sourcecode for a method",
                "pathes": [
                    "."
                ]
            }
        },
        {
            "license": {
                "name": "MIT",
                "url": "http://opensource.org/licenses/mit-license"
            },
            "dependency": {
                "name": "mini_mime",
                "url": "https://github.com/discourse/mini_mime",
                "description": "A lightweight mime type lookup toy",
                "pathes": [
                    "."
                ]
            }
        },
        {
            "license": {
                "name": "MIT",
                "url": "http://opensource.org/licenses/mit-license"
            },
            "dependency": {
                "name": "mini_portile2",
                "url": "http://github.com/flavorjones/mini_portile",
                "description": "Simplistic port-like solution for developers",
                "pathes": [
                    "."
                ]
            }
        },
        {
            "license": {
                "name": "MIT",
                "url": "http://opensource.org/licenses/mit-license"
            },
            "dependency": {
                "name": "minitest",
                "url": "https://github.com/seattlerb/minitest",
                "description": "minitest provides a complete suite of testing facilities supporting TDD, BDD, mocking, and benchmarking",
                "pathes": [
                    "."
                ]
            }
        },
        {
            "license": {
                "name": "MIT",
                "url": "http://opensource.org/licenses/mit-license"
            },
            "dependency": {
                "name": "multi_json",
                "url": "http://github.com/intridea/multi_json",
                "description": "A common interface to multiple JSON libraries.",
                "pathes": [
                    "."
                ]
            }
        },
        {
            "license": {
                "name": "MIT",
                "url": "http://opensource.org/licenses/mit-license"
            },
            "dependency": {
                "name": "nio4r",
                "url": "https://github.com/celluloid/nio4r",
                "description": "NIO provides a high performance selector API for monitoring IO objects",
                "pathes": [
                    "."
                ]
            }
        },
        {
            "license": {
                "name": "MIT",
                "url": "http://opensource.org/licenses/mit-license"
            },
            "dependency": {
                "name": "nokogiri",
                "url": "http://nokogiri.org",
                "description": "Nokogiri (鋸) is an HTML, XML, SAX, and Reader parser",
                "pathes": [
                    "."
                ]
            }
        },
        {
            "license": {
                "name": "New BSD",
                "url": "http://opensource.org/licenses/BSD-3-Clause"
            },
            "dependency": {
                "name": "puma",
                "url": "http://puma.io",
                "description": "Puma is a simple, fast, threaded, and highly concurrent HTTP 1.1 server for Ruby/Rack applications",
                "pathes": [
                    "."
                ]
            }
        },
        {
            "license": {
                "name": "MIT",
                "url": "http://opensource.org/licenses/mit-license"
            },
            "dependency": {
                "name": "rack",
                "url": "https://rack.github.io/",
                "description": "a modular Ruby webserver interface",
                "pathes": [
                    "."
                ]
            }
        },
        {
            "license": {
                "name": "MIT",
                "url": "http://opensource.org/licenses/mit-license"
            },
            "dependency": {
                "name": "rack-test",
                "url": "http://github.com/brynary/rack-test",
                "description": "Simple testing API built on Rack",
                "pathes": [
                    "."
                ]
            }
        },
        {
            "license": {
                "name": "MIT",
                "url": "http://opensource.org/licenses/mit-license"
            },
            "dependency": {
                "name": "rails",
                "url": "http://rubyonrails.org",
                "description": "Full-stack web application framework.",
                "pathes": [
                    "."
                ]
            }
        },
        {
            "license": {
                "name": "MIT",
                "url": "http://opensource.org/licenses/mit-license"
            },
            "dependency": {
                "name": "rails-dom-testing",
                "url": "https://github.com/rails/rails-dom-testing",
                "description": "Dom and Selector assertions for Rails applications",
                "pathes": [
                    "."
                ]
            }
        },
        {
            "license": {
                "name": "MIT",
                "url": "http://opensource.org/licenses/mit-license"
            },
            "dependency": {
                "name": "rails-html-sanitizer",
                "url": "https://github.com/rails/rails-html-sanitizer",
                "description": "This gem is responsible to sanitize HTML fragments in Rails applications.",
                "pathes": [
                    "."
                ]
            }
        },
        {
            "license": {
                "name": "MIT",
                "url": "http://opensource.org/licenses/mit-license"
            },
            "dependency": {
                "name": "railties",
                "url": "http://rubyonrails.org",
                "description": "Tools for creating, working with, and running Rails applications.",
                "pathes": [
                    "."
                ]
            }
        },
        {
            "license": {
                "name": "MIT",
                "url": "http://opensource.org/licenses/mit-license"
            },
            "dependency": {
                "name": "rake",
                "url": "https://github.com/ruby/rake",
                "description": "Rake is a Make-like program implemented in Ruby",
                "pathes": [
                    "."
                ]
            }
        },
        {
            "license": {
                "name": "MIT",
                "url": "http://opensource.org/licenses/mit-license"
            },
            "dependency": {
                "name": "rb-fsevent",
                "url": "http://rubygems.org/gems/rb-fsevent",
                "description": "Very simple & usable FSEvents API",
                "pathes": [
                    "."
                ]
            }
        },
        {
            "license": {
                "name": "MIT",
                "url": "http://opensource.org/licenses/mit-license"
            },
            "dependency": {
                "name": "rb-inotify",
                "url": "https://github.com/guard/rb-inotify",
                "description": "A Ruby wrapper for Linux inotify, using FFI",
                "pathes": [
                    "."
                ]
            }
        },
        {
            "license": {
                "name": "unknown"
            },
            "dependency": {
                "name": "ruby-bundler-rails",
                "description": "",
                "pathes": [
                    "."
                ]
            }
        },
        {
            "license": {
                "name": "MIT",
                "url": "http://opensource.org/licenses/mit-license"
            },
            "dependency": {
                "name": "sass",
                "url": "http://sass-lang.com/",
                "description": "A powerful but elegant CSS compiler that makes CSS fun again.",
                "pathes": [
                    "."
                ]
            }
        },
        {
            "license": {
                "name": "MIT",
                "url": "http://opensource.org/licenses/mit-license"
            },
            "dependency": {
                "name": "sass-listen",
                "url": "https://github.com/sass/listen",
                "description": "Fork of guard/listen",
                "pathes": [
                    "."
                ]
            }
        },
        {
            "license": {
                "name": "MIT",
                "url": "http://opensource.org/licenses/mit-license"
            },
            "dependency": {
                "name": "sass-rails",
                "url": "https://github.com/rails/sass-rails",
                "description": "Sass adapter for the Rails asset pipeline.",
                "pathes": [
                    "."
                ]
            }
        },
        {
            "license": {
                "name": "MIT",
                "url": "http://opensource.org/licenses/mit-license"
            },
            "dependency": {
                "name": "sprockets",
                "url": "https://github.com/rails/sprockets",
                "description": "Rack-based asset packaging system",
                "pathes": [
                    "."
                ]
            }
        },
        {
            "license": {
                "name": "MIT",
                "url": "http://opensource.org/licenses/mit-license"
            },
            "dependency": {
                "name": "sprockets-rails",
                "url": "https://github.com/rails/sprockets-rails",
                "description": "Sprockets Rails integration",
                "pathes": [
                    "."
                ]
            }
        },
        {
            "license": {
                "name": "New BSD",
                "url": "http://opensource.org/licenses/BSD-3-Clause"
            },
            "dependency": {
                "name": "sqlite3",
                "url": "https://github.com/sparklemotion/sqlite3-ruby",
                "description": "This module allows Ruby programs to interface with the SQLite3 database engine (http://www.sqlite.org)",
                "pathes": [
                    "."
                ]
            }
        },
        {
            "license": {
                "name": "MIT",
                "url": "http://opensource.org/licenses/mit-license"
            },
            "dependency": {
                "name": "thor",
                "url": "http://whatisthor.com/",
                "description": "Thor is a toolkit for building powerful command-line interfaces.",
                "pathes": [
                    "."
                ]
            }
        },
        {
            "license": {
                "name": "Apache 2.0",
                "url": "http://www.apache.org/licenses/LICENSE-2.0.txt"
            },
            "dependency": {
                "name": "thread_safe",
                "url": "https://github.com/ruby-concurrency/thread_safe",
                "description": "Thread-safe collections and utilities for Ruby",
                "pathes": [
                    "."
                ]
            }
        },
        {
            "license": {
                "name": "MIT",
                "url": "http://opensource.org/licenses/mit-license"
            },
            "dependency": {
                "name": "tilt",
                "url": "http://github.com/rtomayko/tilt/",
                "description": "Generic interface to multiple Ruby template engines",
                "pathes": [
                    "."
                ]
            }
        },
        {
            "license": {
                "name": "MIT",
                "url": "http://opensource.org/licenses/mit-license"
            },
            "dependency": {
                "name": "turbolinks",
                "url": "https://github.com/turbolinks/turbolinks",
                "description": "Turbolinks makes navigating your web application faster",
                "pathes": [
                    "."
                ]
            }
        },
        {
            "license": {
                "name": "MIT",
                "url": "http://opensource.org/licenses/mit-license"
            },
            "dependency": {
                "name": "turbolinks-source",
                "url": "https://github.com/turbolinks/turbolinks-source-gem",
                "description": "Turbolinks JavaScript assets",
                "pathes": [
                    "."
                ]
            }
        },
        {
            "license": {
                "name": "MIT",
                "url": "http://opensource.org/licenses/mit-license"
            },
            "dependency": {
                "name": "tzinfo",
                "url": "http://tzinfo.github.io",
                "description": "Daylight savings aware timezone library",
                "pathes": [
                    "."
                ]
            }
        },
        {
            "license": {
                "name": "MIT",
                "url": "http://opensource.org/licenses/mit-license"
            },
            "dependency": {
                "name": "uglifier",
                "url": "http://github.com/lautis/uglifier",
                "description": "Ruby wrapper for UglifyJS JavaScript compressor",
                "pathes": [
                    "."
                ]
            }
        },
        {
            "license": {
                "name": "MIT",
                "url": "http://opensource.org/licenses/mit-license"
            },
            "dependency": {
                "name": "websocket-driver",
                "url": "http://github.com/faye/websocket-driver-ruby",
                "description": "WebSocket protocol handler with pluggable I/O",
                "pathes": [
                    "."
                ]
            }
        },
        {
            "license": {
                "name": "MIT",
                "url": "http://opensource.org/licenses/mit-license"
            },
            "dependency": {
                "name": "websocket-extensions",
                "url": "https://github.com/faye/websocket-extensions-ruby",
                "description": "Generic extension manager for WebSocket connections",
                "pathes": [
                    "."
                ]
            }
        }
    ]
}
