[{"start_line":4,"start_char":5,"definition_path":"morestrings/reverse.go#L5","hover":[{"language":"go","value":"<span id=\"LC1\" class=\"line\" lang=\"go\"><span class=\"k\">func</span> <span class=\"n\">Func2</span><span class=\"p\">(</span><span class=\"n\">i</span> <span class=\"kt\">int</span><span class=\"p\">)</span> <span class=\"kt\">string</span></span>"}]},{"start_line":11,"start_char":5,"definition_path":"morestrings/reverse.go#L12","hover":[{"language":"go","value":"<span id=\"LC1\" class=\"line\" lang=\"go\"><span class=\"k\">func</span> <span class=\"n\">Reverse</span><span class=\"p\">(</span><span class=\"n\">s</span> <span class=\"kt\">string</span><span class=\"p\">)</span> <span class=\"kt\">string</span></span>"},{"value":"This method reverses a string \n\n"}]},{"start_line":4,"start_char":11,"definition_path":"morestrings/reverse.go#L5","hover":[{"language":"go","value":"<span id=\"LC1\" class=\"line\" lang=\"go\"><span class=\"k\">var</span> <span class=\"n\">i</span> <span class=\"kt\">int</span></span>"}]},{"start_line":11,"start_char":13,"definition_path":"morestrings/reverse.go#L12","hover":[{"language":"go","value":"<span id=\"LC1\" class=\"line\" lang=\"go\"><span class=\"k\">var</span> <span class=\"n\">s</span> <span class=\"kt\">string</span></span>"}]},{"start_line":5,"start_char":1,"definition_path":"morestrings/reverse.go#L6","hover":[{"language":"go","value":"<span id=\"LC1\" class=\"line\" lang=\"go\"><span class=\"k\">var</span> <span class=\"n\">b</span> <span class=\"kt\">string</span></span>"}]},{"start_line":12,"start_char":1,"definition_path":"morestrings/reverse.go#L13","hover":[{"language":"go","value":"<span id=\"LC1\" class=\"line\" lang=\"go\"><span class=\"k\">var</span> <span class=\"n\">a</span> <span class=\"kt\">string</span></span>"}]},{"start_line":7,"start_char":8,"definition_path":"morestrings/reverse.go#L6","hover":[{"language":"go","value":"<span id=\"LC1\" class=\"line\" lang=\"go\"><span class=\"k\">var</span> <span class=\"n\">b</span> <span class=\"kt\">string</span></span>"}]},{"start_line":14,"start_char":8,"definition_path":"morestrings/reverse.go#L13","hover":[{"language":"go","value":"<span id=\"LC1\" class=\"line\" lang=\"go\"><span class=\"k\">var</span> <span class=\"n\">a</span> <span class=\"kt\">string</span></span>"}]}]