[{"start_line":3,"start_char":2,"definition_path":"main.go#L4","hover":[{"language":"go","value":"<span id=\"LC1\" class=\"line\" lang=\"go\"><span class=\"k\">package</span> <span class=\"s\">\"os\"</span></span>"},{"value":"Package os provides a platform-independent interface to operating system functionality. The design is Unix-like, although the error handling is Go-like; failing calls return values of type error rather than error numbers. Often, more information is available within the error. For example, if a call that takes a file name fails, such as Open or Stat, the error will include the failing file name when printed and will be of type *PathError, which may be unpacked for more information. \n\nThe os interface is intended to be uniform across all operating systems. Features not generally available appear in the system-specific package syscall. \n\nHere is a simple example, opening a file and reading some of it. \n\n```\nfile, err := os.Open(\"file.go\") // For read access.\nif err != nil {\n\tlog.Fatal(err)\n}\n\n```\nIf the open fails, the error string will be self-explanatory, like \n\n```\nopen file.go: no such file or directory\n\n```\nThe file's data can then be read into a slice of bytes. Read and Write take their byte counts from the length of the argument slice. \n\n```\ndata := make([]byte, 100)\ncount, err := file.Read(data)\nif err != nil {\n\tlog.Fatal(err)\n}\nfmt.Printf(\"read %d bytes: %q\\n\", count, data[:count])\n\n```\nNote: The maximum number of concurrent operations on a File may be limited by the OS or the system. The number should be high, but exceeding it may degrade performance or cause other issues. \n\n"}]},{"start_line":10,"start_char":13,"definition_path":"morestrings/reverse.go#L5","hover":[{"language":"go","value":"<span id=\"LC1\" class=\"line\" lang=\"go\"><span class=\"k\">func</span> <span class=\"n\">Func2</span><span class=\"p\">(</span><span class=\"n\">i</span> <span class=\"kt\">int</span><span class=\"p\">)</span> <span class=\"kt\">string</span></span>"}]},{"start_line":9,"start_char":1,"definition_path":"main.go#L6","hover":[{"language":"go","value":"<span id=\"LC1\" class=\"line\" lang=\"go\"><span class=\"k\">package</span> <span class=\"s\">\"github.com/user/hello/morestrings\"</span></span>"},{"value":"Package morestrings implements additional functions to manipulate UTF-8 encoded strings, beyond what is provided in the standard \"strings\" package. \n\n"}]},{"start_line":9,"start_char":13,"definition_path":"morestrings/reverse.go#L12","hover":[{"language":"go","value":"<span id=\"LC1\" class=\"line\" lang=\"go\"><span class=\"k\">func</span> <span class=\"n\">Reverse</span><span class=\"p\">(</span><span class=\"n\">s</span> <span class=\"kt\">string</span><span class=\"p\">)</span> <span class=\"kt\">string</span></span>"},{"value":"This method reverses a string \n\n"}]},{"start_line":9,"start_char":21,"definition_path":"main.go#L4","hover":[{"language":"go","value":"<span id=\"LC1\" class=\"line\" lang=\"go\"><span class=\"k\">package</span> <span class=\"s\">\"os\"</span></span>"},{"value":"Package os provides a platform-independent interface to operating system functionality. The design is Unix-like, although the error handling is Go-like; failing calls return values of type error rather than error numbers. Often, more information is available within the error. For example, if a call that takes a file name fails, such as Open or Stat, the error will include the failing file name when printed and will be of type *PathError, which may be unpacked for more information. \n\nThe os interface is intended to be uniform across all operating systems. Features not generally available appear in the system-specific package syscall. \n\nHere is a simple example, opening a file and reading some of it. \n\n```\nfile, err := os.Open(\"file.go\") // For read access.\nif err != nil {\n\tlog.Fatal(err)\n}\n\n```\nIf the open fails, the error string will be self-explanatory, like \n\n```\nopen file.go: no such file or directory\n\n```\nThe file's data can then be read into a slice of bytes. Read and Write take their byte counts from the length of the argument slice. \n\n```\ndata := make([]byte, 100)\ncount, err := file.Read(data)\nif err != nil {\n\tlog.Fatal(err)\n}\nfmt.Printf(\"read %d bytes: %q\\n\", count, data[:count])\n\n```\nNote: The maximum number of concurrent operations on a File may be limited by the OS or the system. The number should be high, but exceeding it may degrade performance or cause other issues. \n\n"}]},{"start_line":9,"start_char":24,"definition_path":null,"hover":[{"language":"go","value":"<span id=\"LC1\" class=\"line\" lang=\"go\"><span class=\"k\">var</span> <span class=\"n\">Args</span> <span class=\"p\">[]</span><span class=\"kt\">string</span></span>"},{"value":"Args hold the command-line arguments, starting with the program name. \n\n"}]},{"start_line":8,"start_char":5,"definition_path":"main.go#L9","hover":[{"language":"go","value":"<span id=\"LC1\" class=\"line\" lang=\"go\"><span class=\"k\">func</span> <span class=\"n\">main</span><span class=\"p\">()</span></span>"}]},{"start_line":5,"start_char":2,"definition_path":"main.go#L6","hover":[{"language":"go","value":"<span id=\"LC1\" class=\"line\" lang=\"go\"><span class=\"k\">package</span> <span class=\"s\">\"github.com/user/hello/morestrings\"</span></span>"},{"value":"Package morestrings implements additional functions to manipulate UTF-8 encoded strings, beyond what is provided in the standard \"strings\" package. \n\n"}]},{"start_line":10,"start_char":1,"definition_path":"main.go#L6","hover":[{"language":"go","value":"<span id=\"LC1\" class=\"line\" lang=\"go\"><span class=\"k\">package</span> <span class=\"s\">\"github.com/user/hello/morestrings\"</span></span>"},{"value":"Package morestrings implements additional functions to manipulate UTF-8 encoded strings, beyond what is provided in the standard \"strings\" package. \n\n"}]}]